name	token	address	governor	timelock	abiTime	abiGov	abiToken	delegation
Compound	COMP	0xc00e94Cb662C3520282E6f5717214004A7f26888	0xc0Da02939E1441F497fd74F78cE7Decb17B66529	0x6d903f6003cca6255D85CcA4D3B5E5146dC33925	COMP	COMP	COMP	R
ENS	ENS	0xC18360217D8F7Ab5e7c516566761Ea12Ce7F9D72	0x323A76393544d5ecca80cd6ef2A560C6a395b7E3	0xFe89cc7aBB2C4183683ab71653C4cdc9B02D44b7	ENS	ENS	ENS	R
Gitcoin	GTC	0xde30da39c46104798bb5aa3fe8b9e0e1f348163f	0x9D4C63565D5618310271bF3F3c01b2954C1D1639	0x57a8865cfB1eCEf7253c27da6B4BC3dAEE5Be518	COMP	ENS	COMP	R
Uniswap	UNI	0x1f9840a85d5aF5bf1D1762F925BDADdC4201F984	0x408ED6354d4973f66138C91495F2f2FCbd8724C3	0x1a9C8182C09F50C8318d769245beA52c32BE35BC	COMP	COMP	COMP	R
Ampleforth	FORTH	0x77FbA179C79De5B7653F68b5039Af940AdA60ce0	0x8a994C6F55Be1fD2B4d0dc3B8f8F7D4E3a2dA8F1	0x223592a191ECfC7FDC38a9256c3BD96E771539A9	COMP	COMP	COMP	R
Braintrust	BTRST	0x799ebfABE77a6E34311eeEe9825190B9ECe32824	0x1a0D3d5a43e53510f80F16905Bc96e907A47dD01	0xb6f1F016175588a049fDA12491cF3686De33990B	COMP	GTC	COMP	R
Cryptex	CTX	0x321C2fE4446C7c963dc41Dd58879AF648838f98D	0x874C5D592AfC6803c3DD60d6442357879F196d5b	0xa54074b2cc0e96a43048d4a68472F7F046aC0DA8	COMP	GTC	COMP	R
Hop	HOP	0xc5102fE9359FD9a28f877a67E36B0F050d81a3CC	0xed8Bdb5895B8B7f9Fdb3C087628FD8410E853D48	0xeeA8422a08258e73c139Fc32a25e10410c14bd7a	ENS	ENS	ENS	R
Radicle	RAD	0x31c8EAcBFFdD875c74b94b077895Bd78CF1E64A3	0x690e775361AD66D1c4A25d89da9fCd639F5198eD	0x8dA8f82d2BbDd896822de723F55D6EdF416130ba	COMP	RAD	COMP	R
Silo	SILO	0x6f80310CA7F2C654691D1383149Fa1A57d8AB1f8	0xA89163F7B2D68A8fbA6Ca36BEEd32Bd4f3EeAf61	0xe1F03b7B0eBf84e9B9f62a1dB40f1Efb8FaA7d22	ENS	ENS	ENS	R
Sudoswap	SUDO	0x3446Dd70B2D52A6Bf4a5a192D9b0A161295aB7F9	0x6853f8865BA8e9FBd9C8CCE3155ce5023fB7EEB0	0x6853f8865BA8e9FBd9C8CCE3155ce5023fB7EEB0	NaN	ENS	COMP	R
Lido	LDO	0x5A98FcBEA516Cf06857215779Fd812CA3beF1B32	0x2e59A20f205bB85a89C53f1936454680651E618e	NaN	NaN	LDO		N
Aave	AAVE	0x7Fc66500c84A76Ad7e9c93437bFc5Ac33E2DDaE9	0x9AEE0B04504CeF83A65AC3f0e838D0593BCb2BC7	NaN	NaN	AAVE		O
Maker	MKR	0x9f8F72aA9304c8B593d555F12eF6589cC3A579A2	0x0a3f6849f78076aefaDf113F5BED87720274dDC0	0x0a3f6849f78076aefaDf113F5BED87720274dDC0	NaN	MKR		L
Idle	IDLE	0x875773784Af8135eA0ef43b5a374AaD105c5D39e	0x3D5Fc645320be0A085A32885F078F7121e5E5375	0xD6dABBc2b275114a2366555d6C481EF08FDC2556	COMP	COMP	COMP	R
Gas	GAS	0x6Bba316c48b49BD1eAc44573c5c871ff02958469	0x5B1751306597A76C8E6D2BFb8e952f8855Ed976d	0xC9A7D537F17194c68455D75e3d742BF2c3cE3c74	ENS	ENS	ENS	R
Strike	STRK	0x74232704659ef37c08995e386A2E26cc27a8d7B1	0x29e2A3aF8eC2d537cBD484c6eC430AbE1C7fe2d8	0xe789af79D295B0e4fA1C1E8a1B6Fe186c1ae2326	COMP	GTC	COMP	R
Hifi	HIFI	0x4b9278b94a1112cAD404048903b8d343a810B07e	0xef0A0421Ea43b602E5Be35e9018Dd3E34Bcee007	0xAC46Db50B44BBeF8DC25f778359e1834248147F7	COMP	COMP	COMP	R
Fei	FEI	0xc7283b66Eb1EB5FB86327f08e1B5816b0720212B	0x0BEF27FEB58e857046d630B2c03dFb7bae567494	0xd51dbA7a94e1adEa403553A8235C302cEbF41a3c	COMP	FEI	COMP	R
Babylon	BABL	0xF4Dc48D260C93ad6a96c5Ce563E70CA578987c74	0xBEC3de5b14902C660Bd2C7EfD2F259998424cc24	0xe6Ed0eAcB79a6e457416E4df38ed778fd6C6D193	ENS	FEI	COMP	R
InstaDapp	INST	0x6f40d4A6237C257fff2dB00FA0510DeEECd303eb	0x0204Cd037B2ec03605CFdFe482D8e257C765fA1B	0xC7Cb1dE2721BFC0E0DA1b9D526bCdC54eF1C0eFC	COMP	COMP	COMP	R
Pooh	POOH	0xB69753c06BB5c366BE51E73bFc0cC2e3DC07E371	0xa5DbAae3daD2784D6B61ef56f934768EfE9d1336	0xfefd45d6b7d04A9935C50Ef9226484A385071566	ENS	ENS	ENS	R
Curve	CRV	0x5f3b5DfEb7B28CDbD7FAba78963EE202a494e2A2	0xE478de485ad2fe566d49342Cbd03E49ed7DB3356	NaN	NaN	CRV		N