token	address
COMP	0xc00e94Cb662C3520282E6f5717214004A7f26888
ENS	0xC18360217D8F7Ab5e7c516566761Ea12Ce7F9D72
GTC	0xde30da39c46104798bb5aa3fe8b9e0e1f348163f
UNI	0x1f9840a85d5aF5bf1D1762F925BDADdC4201F984
FORTH	0x77FbA179C79De5B7653F68b5039Af940AdA60ce0
BTRST	0x799ebfABE77a6E34311eeEe9825190B9ECe32824
CTX	0x321C2fE4446C7c963dc41Dd58879AF648838f98D
HOP	0xc5102fE9359FD9a28f877a67E36B0F050d81a3CC
RAD	0x31c8EAcBFFdD875c74b94b077895Bd78CF1E64A3
SILO	0x6f80310CA7F2C654691D1383149Fa1A57d8AB1f8
SUDO	0x3446Dd70B2D52A6Bf4a5a192D9b0A161295aB7F9
DYDX	0x92D6C1e31e14520e676a687F0a93788B716BEff5
LDO	0x5A98FcBEA516Cf06857215779Fd812CA3beF1B32
AAVE	0x7Fc66500c84A76Ad7e9c93437bFc5Ac33E2DDaE9
MKR	0x9f8F72aA9304c8B593d555F12eF6589cC3A579A2
ETH	0xC02aaA39b223FE8D0A0e5C4F27eAD9083C756Cc2
USDC	0xA0b86991c6218b36c1d19D4a2e9Eb0cE3606eB48
USDT	0xdAC17F958D2ee523a2206206994597C13D831ec7
DAI	0x6B175474E89094C44Da98b954EedeAC495271d0F
BTC	0x2260FAC5E5542a773Aa44fBCfeDf7C193bc2C599
AMPL	0xD46bA6D942050d489DBd938a2C909A5d5039A161
